Chi 1,Prevalence,H-Bonds,Clashes
-167.8,0.832689 ,2,1
 -64.2,0.119044 ,1,1
  66.1,0.048267 ,1,2
