Chi 1,Chi 2,Prevalence,H-Bonds,Clashes
-174.7, -15.8,0.234705 ,3,0
-174.7, -44.1,0.149294 ,3,0
-174.7,  11.7,0.129207 ,5,0
 -69.6, -12.9,0.111983 ,1,3
-174.7, -75.4,0.095815 ,3,0
-174.7,  74.9,0.088369 ,1,3
-174.7,  44.1,0.061408 ,1,2
 -69.6, -40.4,0.055507 ,0,3
 -69.6,  12.2,0.033164 ,1,0
 -69.6, -69.7,0.020580 ,0,3
 -69.6,  78.8,0.007069 ,0,2
 -69.6,  45.8,0.006738 ,1,0
  62.3, -61.2,0.001567 ,1,3
  62.3, -32.7,0.001138 ,1,2
  62.3, -89.4,0.001070 ,0,2
  62.3,  27.1,0.000948 ,0,2
  62.3,  -0.1,0.000883 ,1,4
  62.3,  59.2,0.000555 ,0,3
