Chi 1,Prevalence,H-Bonds,Clashes
-168.0,0.815780 ,1,1
 -64.3,0.127725 ,1,2
  66.1,0.056495 ,1,2
